Type,Name,Request Count,Failure Count,Median Response Time,Average Response Time,Min Response Time,Max Response Time,Average Content Size,Requests/s,Failures/s,50%,66%,75%,80%,90%,95%,98%,99%,99.9%,99.99%,100%
GET,/api/game/round/,133,65,7500.0,5797.659314233145,74.50408399927255,12670.504417001212,133.09774436090225,1.1133618989727834,0.5441242363400821,7500,10000,10000,10000,10000,10000,10000,11000,13000,13000,13000
GET,Get Round Status,359,173,7300.0,8223.96084472136,82.31270900068921,17633.98695899923,134.20055710306406,3.005240013016761,1.4482075828743723,7300,15000,15000,15000,15000,15000,15000,16000,18000,18000,18000
POST,Login,310,210,10000.0,7760.461246741912,362.8538329994626,13458.549000000858,250.21935483870968,2.595054050237315,1.7579398404833422,10000,10000,10000,10000,11000,11000,11000,13000,13000,13000,13000
POST,Place Bet,321,321,5300.0,7700.196771928344,79.76712500021677,18501.79287500032,24.16822429906542,2.6871366133102517,2.6871366133102517,5300,15000,15000,15000,15000,15000,16000,16000,19000,19000,19000
,Aggregated,1123,769,10000.0,7658.946377851256,74.50408399927255,18501.79287500032,134.6447016918967,9.40079257553711,6.437408273008049,10000,11000,15000,15000,15000,15000,15000,16000,18000,19000,19000
